,name,job,hp,potency,spellSpeed
0,MT,DarkKnight,130000,22.040000000000006,2.5
1,ST,DarkKnight,130000,22.0,2.5
2,H1,WhiteMage,80000,32.0,2.4
3,H2,Scholar,80000,31.999999999999996,2.349999999999999
4,D1,Samurai,90000,22.0,2.5
5,D2,Dragoon,90000,22.0,2.5
6,D3,Dancer,90000,22.0,2.5
7,D4,RedMage,80000,32.0,2.5
