,name,job,hp,damagePerPotency,spellSpeed
0,mt,DarkKnight,130000,22.040000000000006,2.5
1,st,DarkKnight,130000,22.0,2.5
2,h1,WhiteMage,80000,32.0,2.4
3,h2,Scholar,80000,31.999999999999996,2.349999999999999
4,d1,Samurai,90000,22.0,2.5
5,d2,Dragoon,90000,22.0,2.5
6,d3,Dancer,90000,22.0,2.5
7,d4,RedMage,80000,32.0,2.5
