name,job,hp,potency,spellSpeed
MT,DarkKnight,130000,22.040000000000006,2.5
ST,DarkKnight,130000,22.0,2.5
H1,WhiteMage,80000,32.0,2.4
H2,Scholar,80000,31.999999999999996,2.349999999999999
D1,Samurai,90000,22.0,2.5
D2,Dragoon,90000,22.0,2.5
D3,Dancer,90000,22.0,2.5
D4,RedMage,80000,32.0,2.5
